2850.,0.09727521409303966
2850.05,0.07011320715651177
2850.1,-0.002854902273381835
2850.15,-0.07286330867414305
2850.2,-0.09268783284313097
2850.25,-0.059825808843405284
2850.3,0.009052562725760015
2850.35,0.06415047572059349
2850.4,0.07545713509356122
2850.45,0.028569325814997056
2850.5,-0.039441658259131686
2850.55,-0.08299425133836502
2850.6,-0.08097518737229009
2850.65,-0.0340088442955983
2850.7,0.028912260073127506
2850.75,0.06560086190917148
2850.8,0.04911503975048497
2850.85,-0.0061070047978157155
2850.9,-0.05921978620619683
2850.95,-0.08306256013120837
2851.,-0.07098474452238548
2851.05,-0.013567997766542878
2851.1,0.038092188704501345
2851.15,0.054719546081635366
2851.2,0.021841057857879646
2851.25,-0.030518448226656995
2851.3,-0.07502828081313587
2851.35,-0.08432870629916897
2851.4,-0.05271714444833564
2851.45,0.000340350331670382
2851.5,0.03641259396291662
2851.55,0.038441640290587414
2851.6,-0.0011220519786209876
2851.65,-0.052433801611771316
2851.7,-0.08720674958831721
2851.75,-0.08002893013428201
2851.8,-0.036937905171706774
2851.85,0.012189740920349365
2851.9,0.03184962222978219
2851.95,0.016024159441455046
2852.,-0.024795689332151215
2852.05,-0.06978396613743543
2852.1,-0.09083474092863679
2852.15,-0.07033434986830506
2852.2,-0.021193830974461057
2852.25,0.014930462841339111
2852.3,0.01951279128633105
2852.35,-0.0010049526534187338
2852.4,-0.047094400751588536
2852.45,-0.08177882036925997
2852.5,-0.08797550120064243
2852.55,-0.056796125710583976
2852.6,-0.013151493195801304
2852.65,0.01608589202585676
2852.7,0.009832189258596696
2852.75,-0.025886851412890627
2852.8,-0.06757422635400863
2852.85,-0.08320468917713263
2852.9,-0.0750765062812891
2852.95,-0.0456189188045258
2853.,-0.009611384512783523
2853.05,0.008161852386382121
2853.1,-0.00853522197754717
2853.15,-0.03771590089331982
2853.2,-0.07333179892139756
2853.25,-0.08632008471617443
2853.3,-0.06941226380386001
2853.35,-0.039714012102207215
2853.4,-0.006480953099786392
2853.45,0.003783973051483549
2853.5,-0.020691027272146296
2853.55,-0.05722065898992129
2853.6,-0.08093209621280974
2853.65,-0.08402764136339072
2853.7,-0.05962025749485104
2853.75,-0.032975839549866444
2853.8,-0.01093854955462124
2853.85,-0.009791039599684288
2853.9,-0.032568313777426604
2853.95,-0.06649624730781785
2854.,-0.0862225521982153
2854.05,-0.08199034629987896
2854.1,-0.05724478537533504
2854.15,-0.029160118452782276
2854.2,-0.013651775011129878
2854.25,-0.023371537083871657
2854.3,-0.04944793146918331
2854.35,-0.0747970817606341
2854.4,-0.0856558965255076
2854.45,-0.08180440001223536
2854.5,-0.05711143392795672
2854.55,-0.03018826932170214
2854.6,-0.021143637993113897
2854.65,-0.03179045210443117
2854.7,-0.057620939863728064
2854.75,-0.08875602410775661
2854.8,-0.09832796972045206
2854.85,-0.0769685400828576
2854.9,-0.047960955394104825
2854.95,-0.034701256991304774
2855.,-0.0263523439709305
2855.05,-0.044028800836668734
2855.1,-0.07838250789575972
2855.15,-0.09698836429704197
2855.2,-0.09580470091546696
2855.25,-0.07600159013605295
2855.3,-0.048272558882999445
2855.35,-0.031171821222285276
2855.4,-0.03690699083491879
2855.45,-0.0629129283478717
2855.5,-0.09181644436250483
2855.55,-0.10304637213185093
2855.6,-0.09305244513212846
2855.65,-0.06879685946557541
2855.7,-0.046008192428703534
2855.75,-0.04095251582772706
2855.8,-0.0529579533059322
2855.85,-0.076078996318485
2855.9,-0.0937212170175415
2855.95,-0.1076772644993758
2856.,-0.09658398563701322
2856.05,-0.06341356394438662
2856.1,-0.0431356097390163
2856.15,-0.04628575331755301
2856.2,-0.06658667002228456
2856.25,-0.09478458609638149
2856.3,-0.10571105016291332
2856.35,-0.10136588544578418
2856.4,-0.08422234263310063
2856.45,-0.06490258121390433
2856.5,-0.05058392810641717
2856.55,-0.0558255850374413
2856.6,-0.07988653737978371
2856.65,-0.10211244664213714
2856.7,-0.11071051393945305
2856.75,-0.10277999395807781
2856.8,-0.07576349440632887
2856.85,-0.061254785921104386
2856.9,-0.05701371127255255
2856.95,-0.07324003735200219
2857.,-0.09320531466987007
2857.05,-0.10653759821479704
2857.1,-0.10762246625403966
2857.15,-0.09139594510692066
2857.2,-0.08061086967935427
2857.25,-0.06363462107050406
2857.3,-0.06928916544075855
2857.35,-0.08004386467111722
2857.4,-0.09867676575745547
2857.45,-0.11007604801699077
2857.5,-0.10587861725365631
2857.55,-0.0891095255053573
2857.6,-0.06935593471144359
2857.65,-0.07040711474561778
2857.7,-0.0801398694551513
2857.75,-0.09008648692975246
2857.8,-0.10244489147034667
2857.85,-0.1081833580689752
2857.9,-0.09643127074076122
2857.95,-0.08111154935318245
2858.,-0.07187271110971048
2858.05,-0.07481576483037797
2858.1,-0.08330568700365278
2858.15,-0.09765677819813857
2858.201,-0.10615069261144067
2858.251,-0.09817422247536581
2858.301,-0.08471259750945596
2858.351,-0.07302271871209123
2858.401,-0.07267049293463256
2858.451,-0.08401610130274094
2858.501,-0.09398012053090009
2858.551,-0.09509092563301333
2858.601,-0.08946991764337953
2858.651,-0.08737924069302327
2858.701,-0.07754623345770682
2858.751,-0.07669546712026394
2858.801,-0.08028904928532096
2858.851,-0.08488642484761837
2858.901,-0.08866614747636604
2858.951,-0.08760903391548513
2859.001,-0.08340515250464237
2859.051,-0.07408767964217473
2859.101,-0.07179891032263169
2859.151,-0.07844060103553994
2859.201,-0.08742505830819577
2859.251,-0.09171921853909487
2859.301,-0.0837882620944317
2859.351,-0.07074139574593284
2859.401,-0.06498980299714756
2859.451,-0.070658784752222
2859.501,-0.07872767492659759
2859.551,-0.088811464544953
2859.601,-0.09262721520677279
2859.651,-0.08376975813630105
2859.701,-0.06951477725563257
2859.751,-0.05596965760673142
2859.801,-0.06025408161289387
2859.851,-0.07678120679879862
2859.901,-0.08912751446707692
2859.951,-0.09840271123324573
2860.001,-0.09080425912978056
2860.051,-0.07029622355518352
2860.101,-0.05142115014573276
2860.151,-0.044274599816806204
2860.201,-0.06789690242239897
2860.251,-0.09158897787831274
2860.301,-0.10383810504333982
2860.351,-0.10228993661156338
2860.401,-0.08066689923961284
2860.451,-0.04867997291439438
2860.501,-0.03350210267973319
2860.551,-0.045646864868751205
2860.601,-0.0847082399159079
2860.651,-0.1144177600472004
2860.701,-0.11710933797018544
2860.751,-0.0912825233268821
2860.801,-0.05548396041367142
2860.851,-0.024705380540192237
2860.901,-0.03293331158114067
2860.951,-0.06644004535942029
2861.001,-0.10476859935100885
2861.051,-0.12818079079857397
2861.101,-0.11638030376778637
2861.151,-0.07151493520019639
2861.201,-0.023164768020933278
2861.251,-0.012988275626084964
2861.301,-0.04226956654227449
2861.351,-0.0953999905247819
2861.401,-0.13585880395466812
2861.451,-0.12979093087763474
2861.501,-0.09097699366876248
2861.551,-0.03634036228141606
2861.601,-0.003099640072341374
2861.651,-0.01761320042514992
2861.701,-0.0700642448758758
2861.751,-0.12384024752094212
2861.801,-0.14774891164270784
2861.851,-0.12134302598290739
2861.901,-0.058105472678054125
2861.951,0.0024135098094330318
2862.001,0.005745230826237328
2862.051,-0.03787401598114019
2862.101,-0.10591931714307784
2862.151,-0.15303855561863416
2862.201,-0.14046465512768624
2862.251,-0.08833434111886908
2862.301,-0.018218178233046875
2862.351,0.020345379245524358
2862.401,0.00041008098453613367
2862.451,-0.07257181365992967
2862.501,-0.1437700700107157
2862.551,-0.16117801084079722
2862.601,-0.11577964611544216
2862.651,-0.04077219958525806
2862.701,0.020091310717517984
2862.751,0.021977637277692908
2862.801,-0.03377567616369798
2862.851,-0.1140434154434971
2862.901,-0.16263819411563296
2862.951,-0.14593310185955136
2863.001,-0.07175508233695584
2863.051,0.005544152937871471
2863.101,0.03959606296583615
2863.151,0.00700234344041166
2863.201,-0.07718105346999582
2863.251,-0.14888924011902752
2863.301,-0.16129278508156092
2863.351,-0.10722541651355648
2863.401,-0.021420092106359666
2863.451,0.04078443748297586
2863.501,0.04158138643009061
2863.551,-0.03005973583396338
2863.601,-0.11698196462491445
2863.651,-0.16190747861831029
2863.701,-0.13330171040627883
2863.751,-0.059627543849339264
2863.801,0.027890973565176905
2863.851,0.05702698574231789
2863.901,0.013708830380443677
2863.951,-0.06876540442508922
2864.001,-0.14430156069709538
2864.051,-0.1481382557281151
2864.101,-0.08946803615822349
2864.151,-0.005313672597637719
2864.201,0.057753959771114735
2864.251,0.04711739486520509
2864.301,-0.02486417659411964
2864.351,-0.1066652823005723
2864.401,-0.1459678792236063
2864.451,-0.11897946612457594
2864.501,-0.04177257529748615
2864.551,0.041114103859981654
2864.601,0.06496392266307928
2864.651,0.019323208730920558
2864.701,-0.06537699477422691
2864.751,-0.1352160787203383
2864.801,-0.13502668484890548
2864.851,-0.06974859119857535
2864.901,0.008820285562428738
2864.951,0.053704210931991875
2865.001,0.04482691880144452
2865.051,-0.019655371840889935
2865.101,-0.09727133915504609
2865.151,-0.13573043136970386
2865.201,-0.10256229410895729
2865.251,-0.033748418055167415
2865.301,0.03436174720934505
2865.351,0.05286216876567693
2865.401,0.010928838903484294
2865.451,-0.06258867863703091
2865.501,-0.11855807419794755
2865.551,-0.11739979119608605
2865.601,-0.06356486368760582
2865.651,0.002339720528905793
2865.701,0.041699360062819116
2865.751,0.024585331213122036
2865.801,-0.03671570371803575
2865.851,-0.09220785047263673
2865.901,-0.11112395655736085
2865.951,-0.08552388709674966
2866.001,-0.030686097015815372
2866.051,0.017981434578891536
2866.101,0.02747942507872364
2866.151,-0.010698949690344142
2866.201,-0.06879693936715471
2866.251,-0.1001458959164208
2866.301,-0.09249188071628707
2866.351,-0.050902986417292774
2866.401,-0.00567486937177993
2866.451,0.011127170923749857
2866.501,-0.00476069666010048
2866.551,-0.04011248386156075
2866.601,-0.07470568605621719
2866.651,-0.08568893893267991
2866.701,-0.06573720999549018
2866.751,-0.025493461440971057
2866.801,-0.000695537222042824
2866.851,-0.007334340338222513
2866.901,-0.0356006205466641
2866.951,-0.06276626824634848
2867.001,-0.06448499299395768
2867.051,-0.05361604597892719
2867.101,-0.033719460343650795
2867.151,-0.011487725501067306
2867.201,-0.020658851944764408
2867.251,-0.0387630746635972
2867.301,-0.053511721362655064
2867.351,-0.056503497098081244
2867.401,-0.047443218982542855
2867.451,-0.023522790812203657
2867.501,-0.013830543728502884
2867.551,-0.023722052534125744
2867.601,-0.0456185151848097
2867.651,-0.061584168783338646
2867.701,-0.058573055455947313
2867.751,-0.03888229930036918
2867.801,-0.013286075582360751
2867.851,-0.0039399329781467695
2867.901,-0.02562473163647366
2867.951,-0.057655581906775395
2868.001,-0.07551245302523962
2868.051,-0.06832477944936925
2868.101,-0.03790389522939265
2868.151,-0.0014487771871311138
2868.201,0.010052269377239268
2868.251,-0.011915714568155716
2868.301,-0.05770251972836533
2868.351,-0.09785983507807086
2868.401,-0.09751976694870969
2868.451,-0.059457258272206576
2868.501,0.004184908084309733
2868.551,0.03663913199034963
2868.601,0.018401784129283297
2868.651,-0.038904707322090636
2868.701,-0.10549292725491334
2868.751,-0.13485756781913738
2868.801,-0.10070095428150819
2868.851,-0.018596844253272706
2868.901,0.05212283941067158
2868.951,0.06509183666179043
2869.001,0.0036794610474484304
2869.051,-0.09582457295251472
2869.101,-0.15919183322480496
2869.151,-0.14839499339548726
2869.201,-0.05881748184179803
2869.251,0.04601567877765557
2869.301,0.10094825511012925
2869.351,0.06429833813856352
2869.401,-0.05208555617423532
2869.451,-0.1698302721002315
2869.501,-0.20249942592441794
2869.551,-0.12176887946822317
2869.601,0.015789712232121965
2869.651,0.12964879090736942
2869.701,0.1378267320363172
2869.751,0.022751399312730736
2869.801,-0.1450356870615688
2869.851,-0.24892871154239357
2869.901,-0.21864323065362998
2869.951,-0.06152725520748507
2870.001,0.12006428456907846
2870.051,0.21004254470784545
2870.101,0.13527103857697226
2870.151,-0.061407206907184445
2870.201,-0.2615610100783968
2870.251,-0.3209170304148169
2870.301,-0.19377304884564225
2870.351,0.04500135153760526
2870.401,0.23921297451521195
2870.451,0.25779039335325665
2870.501,0.0646830118439138
2870.551,-0.20739021106453417
2870.601,-0.3890587393950751
2870.651,-0.34570375832697403
2870.701,-0.09548486037277229
2870.751,0.19551014427471025
2870.801,0.33965315940080604
2870.851,0.23365212260472992
2870.901,-0.08197973466571516
2870.951,-0.3971528159030748
2871.001,-0.4987034294907603
2871.051,-0.29943879759257275
2871.101,0.07127539666553684
2871.151,0.37539075501411623
2871.201,0.40489114043793184
2871.251,0.12086282723586213
2871.301,-0.3043336334685248
2871.351,-0.5901888022225401
2871.401,-0.5352833450190743
2871.451,-0.16597324163267174
2871.501,0.28845836045822937
2871.551,0.5341544224470194
2871.601,0.3829969441958119
2871.651,-0.07021137837937708
2871.701,-0.5397059452689744
2871.751,-0.7145466153152701
2871.801,-0.46669709489512345
2871.851,0.058942222150221414
2871.901,0.5145934169887165
2871.951,0.6021214106378735
2872.001,0.2524674772043863
2872.051,-0.3154268041038133
2872.101,-0.7292682229601691
2872.151,-0.7042623852470642
2872.201,-0.25278408291763566
2872.251,0.33669692341294305
2872.301,0.6788357594754136
2872.351,0.5446768152040604
2872.401,0.017237012744837264
2872.451,-0.5555744611687908
2872.501,-0.7987886790164924
2872.551,-0.5436158121503376
2872.601,0.04608724610729739
2872.651,0.590685263620057
2872.701,0.7296714173513746
2872.751,0.37681675448717045
2872.801,-0.23652036804364585
2872.851,-0.7004486811358202
2872.901,-0.7254099025768859
2872.951,-0.29221978504314405
2873.001,0.310493033873401
2873.051,0.7009789088036509
2873.101,0.6408769042409398
2873.151,0.18430970949712902
2873.201,-0.3669493076788773
2873.251,-0.6638726256775266
2873.301,-0.5333820649747344
2873.351,-0.08879680006059762
2873.401,0.3867798696814907
2873.451,0.6019539553060786
2873.501,0.455991367774052
2873.551,0.08199165966771181
2873.601,-0.27609330969611234
2873.651,-0.4276550228444344
2873.701,-0.3227361255325953
2873.751,-0.059329710120324196
2873.801,0.19332259797992216
2873.851,0.32050713168139355
2873.901,0.30203041032274436
2873.951,0.18430350647534077
2874.001,0.022133927952819113
2874.051,-0.1316056416514597
2874.101,-0.25370253137930365
2874.151,-0.283873911458216
2874.201,-0.1726930789566365
2874.251,0.0744184101607568
2874.301,0.36088407552240315
2874.351,0.5148810422334793
2874.401,0.3727327981069813
2874.451,-0.04232661824245415
2874.501,-0.5155273736863886
2874.551,-0.729998926069116
2874.602,-0.44160902420217507
2874.652,0.15587255373212897
2874.702,0.7666315760083529
2874.752,0.9428564359850359
2874.802,0.4790528881298843
2874.852,-0.4007379797481543
2874.902,-1.1279190012328013
2874.952,-1.1583415066532177
2875.002,-0.38403111052832334
2875.052,0.7576040014605658
2875.102,1.508214348458239
2875.152,1.2760689891959107
2875.202,0.10400298509109239
2875.252,-1.2948209145016616
2875.302,-1.960886511602154
2875.352,-1.3316326368235576
2875.402,0.2707170135740044
2875.452,1.8473755270020307
2875.502,2.297749423978133
2875.552,1.2032717372700257
2875.602,-0.8271866112787298
2875.652,-2.4708489554481865
2875.702,-2.5826710629701566
2875.752,-0.9649065519387625
2875.802,1.4202153580826722
2875.852,3.018340801967161
2875.902,2.6859025057717174
2875.952,0.5365073087367188
2876.002,-2.0935521380471647
2876.052,-3.456320022635706
2876.102,-2.5863657307124415
2876.152,0.035651082808149416
2876.202,2.74815735078083
2876.252,3.744283287654494
2876.302,2.3093742260682766
2876.352,-0.6699376964930562
2876.402,-3.260245323648715
2876.452,-3.7528104372611804
2876.502,-1.7739532993097684
2876.552,1.415632819942713
2876.602,3.7179922020105853
2876.652,3.617104305773106
2876.702,1.1635389093771704
2876.752,-2.0293383553471087
2876.802,-3.8585097270460706
2876.852,-3.1302783196503996
2876.902,-0.33673852802204046
2876.952,2.6683770664864577
2877.002,3.906481709046607
2877.052,2.588269375190374
2877.102,-0.36837858195748424
2877.152,-2.9884520250146487
2877.202,-3.5537982127732493
2877.252,-1.7622358505993907
2877.302,1.144561985722709
2877.352,3.210142881682802
2877.402,3.1186513343518953
2877.452,1.0267610123591366
2877.502,-1.6006919838002518
2877.552,-3.0162971580935425
2877.602,-2.3677749154718306
2877.652,-0.20273639913007518
2877.702,1.9457604228314875
2877.752,2.674306232070687
2877.802,1.6236029390733266
2877.852,-0.35142920652923787
2877.902,-1.8585426942084786
2877.952,-1.9665746613769182
2878.002,-0.7707377802122927
2878.052,0.7582456371536425
2878.102,1.5444647643003082
2878.152,1.178290830597166
2878.202,0.12998863853401998
2878.252,-0.7449499921945648
2878.302,-0.838862269534708
2878.352,-0.25807684680350745
2878.402,0.3495737688093077
2878.452,0.42975270103091
2878.502,-0.023014852264290443
2878.552,-0.4817034752347079
2878.602,-0.39074940516271994
2878.652,0.30986884452316577
2878.702,1.041518544329121
2878.752,1.0526875582042365
2878.802,0.09368478200010073
2878.852,-1.2448078839850953
2878.902,-1.9066036318280253
2878.952,-1.1667120298384788
2879.002,0.6800450150205516
2879.052,2.3935670247103715
2879.102,2.622702093720842
2879.152,0.9353432021682999
2879.202,-1.683051003439006
2879.252,-3.4143448196353203
2879.302,-2.8717043740229267
2879.352,-0.17331854774142297
2879.402,2.9734478232900696
2879.452,4.346525496025525
2879.502,2.794554840533009
2879.552,-0.8371287696309052
2879.602,-4.164198424812537
2879.652,-4.825184921008036
2879.702,-2.166690676046833
2879.752,2.1861282201932055
2879.802,5.339394885533507
2879.852,5.026517225836251
2879.902,1.2764917829255156
2879.952,-3.5176014220092946
2880.002,-6.142449387087153
2880.052,-4.697360890072406
2880.102,0.014489996464906814
2880.152,4.922230730017128
2880.202,6.708695210807815
2880.252,4.056759272470412
2880.302,-1.4086298162016737
2880.352,-6.098075609543381
2880.402,-6.819169215176207
2880.452,-2.968978063027079
2880.502,2.973313862693679
2880.552,7.072297407575182
2880.602,6.532621910032848
2880.652,1.6047367141532511
2880.702,-4.491965226864009
2880.752,-7.690724486520505
2880.802,-5.802054697112793
2880.852,-0.008792765022536604
2880.902,5.8419178876235325
2880.952,7.8426128393131505
2881.002,4.5965487418621755
2881.052,-1.7492785029122404
2881.102,-6.951946009541881
2881.152,-7.53915001811408
2881.202,-3.145731597905969
2881.252,3.3092824731993504
2881.302,7.521154026542257
2881.352,6.666629486983865
2881.402,1.3663845817300064
2881.452,-4.809805090296669
2881.502,-7.7273215673285005
2881.552,-5.506728426520259
2881.602,0.2712926829876813
2881.652,5.698298783683122
2881.702,7.215372134008001
2881.752,3.9122261059048133
2881.802,-1.9066958506325151
2881.852,-6.347794711093091
2881.902,-6.517285297698039
2881.952,-2.4503771874648397
2882.002,3.039652407671175
2882.052,6.28201562405033
2882.102,5.250074337765324
2882.152,0.8018632650190487
2882.202,-4.017234654345071
2882.252,-6.052255276850343
2882.302,-4.096882046636331
2882.352,0.3765983027310314
2882.402,4.338904961853772
2882.452,5.238690712342893
2882.502,2.630892661367752
2882.552,-1.6037971916030185
2882.602,-4.586899500187382
2882.652,-4.4408099316246705
2882.702,-1.470223589401487
2882.752,2.207317407083117
2882.802,4.144268331314549
2882.852,3.192859629143617
2882.902,0.17590676717608758
2882.952,-2.772546711399557
2883.002,-3.7098414661154644
2883.052,-2.1773794970120357
2883.102,0.5843236132186782
2883.152,2.6394320131776925
2883.202,2.6709892034662888
2883.252,0.8759695382272985
2883.302,-1.3479476092722718
2883.352,-2.4379865339486044
2883.402,-1.8042153306155462
2883.452,-0.10948025832145583
2883.502,1.3488050459489462
2883.552,1.5850866985838084
2883.602,0.5999781383116896
2883.652,-0.7361334685000293
2883.702,-1.346369301298225
2883.752,-0.880810888723252
2883.802,0.13098644748753788
2883.852,0.8074849565837999
2883.902,0.6204004618805063
2883.952,-0.23995131877726802
2884.002,-0.9866744553425414
2884.052,-0.9241728153318572
2884.102,-0.0784247067088988
2884.152,0.8817665348623479
2884.202,1.125388276852228
2884.252,0.33573827632046016
2884.302,-0.9762914460288791
2884.352,-1.7896860893778774
2884.402,-1.3859643826109034
2884.452,0.08975503975132289
2884.502,1.6069333087459692
2884.552,2.0197668720895035
2884.602,0.9016304265645563
2884.652,-1.0991551489492994
2884.702,-2.595819707881333
2884.752,-2.4627248221691533
2884.802,-0.6327387429816126
2884.852,1.7654883491754385
2884.902,3.026670212408995
2884.952,2.15061954255445
2885.002,-0.3996090209270456
2885.052,-2.9423837490223774
2885.102,-3.683849532565697
2885.152,-1.9833547921672812
2885.202,1.118185371645283
2885.252,3.529690467735585
2885.302,3.5500726016691457
2885.352,1.0135333311298746
2885.402,-2.4217513272641633
2885.452,-4.460202293053401
2885.502,-3.60878686674487
2885.552,-0.3196857336269849
2885.602,3.2198602006716315
2885.652,4.568278429386406
2885.702,2.7398313788038737
2885.752,-1.1017193846216278
2885.802,-4.3905054961133585
2885.852,-4.8754923839301885
2885.902,-2.1911676800016915
2885.952,1.9436268519527566
2886.002,4.734816794305185
2886.052,4.296756990745402
2886.102,0.8428304629745854
2886.152,-3.3501706163395895
2886.202,-5.463922255880401
2886.252,-4.046209062268043
2886.302,0.002894618808479287
2886.352,3.972562665927801
2886.402,5.1975713807344945
2886.452,2.864602601895425
2886.502,-1.5297277038335724
2886.552,-5.073122384900258
2886.602,-5.37653570184242
2886.652,-2.2206011902116805
2886.702,2.33973202594804
2886.752,5.235079882269287
2886.802,4.515551171378644
2886.852,0.6353690280958109
2886.902,-3.806046431928537
2886.952,-5.841505121531831
2887.002,-4.119221142863025
2887.052,0.21307506919673228
2887.102,4.277049557088182
2887.152,5.352878447814822
2887.202,2.7142421889773622
2887.252,-1.873108467660231
2887.302,-5.333772418981166
2887.352,-5.362636462951911
2887.402,-1.946609795955394
2887.452,2.6124072344147615
2887.502,5.2361272657845825
2887.552,4.190961178249027
2887.602,0.2510438351112016
2887.652,-3.9541709172181427
2887.702,-5.6308531477189945
2887.752,-3.692807385025234
2887.802,0.5254429296906614
2887.852,4.175908268082253
2887.902,4.879177281762424
2887.952,2.1861349477666088
2888.002,-2.0492274928304375
2888.052,-5.003931783378812
2888.102,-4.737293260165717
2888.152,-1.4951751816878205
2888.202,2.516066554392383
2888.252,4.642284108727209
2888.302,3.53955930354584
2888.352,-0.0264531483441617
2888.402,-3.658706096235903
2888.452,-4.943778922048002
2888.502,-3.089450157214763
2888.552,0.6243826297930727
2888.602,3.6960102158645984
2888.652,4.1036584652283
2888.702,1.6453122983483304
2888.752,-1.9810463253174555
2888.802,-4.338171607634819
2888.852,-3.916856860657911
2888.902,-1.086349452129668
2888.952,2.222794877295076
2889.002,3.8317453212204673
2889.052,2.720052895835199
2889.102,-0.2873327719428432
2889.152,-3.1458950720415877
2889.202,-3.974127014571373
2889.252,-2.3126040875425233
2889.302,0.6392342334775285
2889.352,2.899341625996917
2889.402,3.035054479355972
2889.452,1.0549815664088378
2889.502,-1.657504851251472
2889.552,-3.3125565724641914
2889.602,-2.8871695809961455
2889.652,-0.7667458010727584
2889.702,1.6070122620180214
2889.752,2.6830422135449057
2889.802,1.842185495970861
2889.852,-0.28377931667709705
2889.902,-2.230775462181732
2889.952,-2.7667399029883804
2890.002,-1.6401419903841903
2890.052,0.32993357636240933
2890.102,1.826860999705075
2890.152,1.9359895474314153
2890.202,0.684693711174456
2890.252,-1.032148249948822
2890.302,-2.091032825239506
2890.352,-1.867682512700964
2890.402,-0.603882357437835
2890.452,0.7934976109077333
2890.502,1.4510666539083108
2890.552,1.0377281926896258
2890.602,-0.06730990432981247
2890.652,-1.1123286429588148
2890.702,-1.4645933715515855
2890.752,-1.0077446448620444
2890.802,-0.12358855622115626
2890.852,0.6183531122461239
2890.902,0.8174452679944164
2890.952,0.45089546212348763
2891.003,-0.1903979246823739
2891.053,-0.6910721318721813
2891.103,-0.8281923607265215
2891.153,-0.6097232730798293
2891.203,-0.20959309608109078
2891.253,0.16505716815927263
2891.303,0.385032853957213
2891.353,0.3857877432162248
2891.403,0.17915080423189045
2891.453,-0.17339498466652967
2891.503,-0.5457880159284464
2891.553,-0.7465382345039484
2891.603,-0.630537373930393
2891.653,-0.1852136715776219
2891.703,0.39628423603635826
2891.753,0.7795100510828219
2891.803,0.6720765198482351
2891.853,0.06133589622630297
2891.903,-0.7407784516545536
2891.953,-1.2232362277391613
2892.003,-1.0074544916260657
2892.053,-0.14585332015780947
2892.103,0.8615598636949241
2892.153,1.3465863464039634
2892.203,0.9244517080596746
2892.253,-0.2020252061992275
2892.303,-1.3313587434502359
2892.353,-1.6899456202644585
2892.403,-1.0313691690362536
2892.453,0.35260545882802036
2892.503,1.5689267227813601
2892.553,1.7554469611946348
2892.603,0.718146467291111
2892.653,-0.9108863204804103
2892.703,-2.062940545999067
2892.753,-1.9341971599761232
2892.803,-0.5435945008729183
2892.853,1.237630367847715
2892.903,2.231292150385837
2892.953,1.7308874861595027
2893.003,-0.0020875586123499383
2893.053,-1.8695973826727976
2893.103,-2.6308837545304953
2893.153,-1.7161534887460437
2893.203,0.3714811966803024
2893.253,2.3075145857734753
2893.303,2.5117818166114576
2893.353,1.0574899093164243
2893.403,-1.1292514657445736
2893.453,-2.6861291779015537
2893.503,-2.5921280659338937
2893.553,-0.8699637702486944
2893.603,1.3831478310122265
2893.653,2.7076328239212253
2893.703,2.2166906629136918
2893.753,0.20659156714261012
2893.803,-2.03645674261623
2893.853,-3.057816082542008
2893.903,-2.1789284350269673
2893.953,0.04419242839009141
2894.003,2.1680953098843454
2894.053,2.814933597140282
2894.103,1.5503093664219725
2894.153,-0.8072534575915463
2894.203,-2.7377849422847724
2894.253,-2.9775544710595576
2894.303,-1.373533412141172
2894.353,1.029653819682079
2894.403,2.6536805329273325
2894.453,2.4370053820847004
2894.503,0.536149348150398
2894.553,-1.7877518633145226
2894.603,-3.0274580614224234
2894.653,-2.3841536289955028
2894.703,-0.3005485335051571
2894.753,1.8461398991549998
2894.803,2.6497173063826893
2894.853,1.612884455671294
2894.903,-0.5567808780695414
2894.953,-2.4359082466957567
2895.003,-2.820226005375541
2895.053,-1.4779911013045663
2895.103,0.6948932901383269
2895.153,2.279556442911227
2895.203,2.2537516022330055
2895.253,0.656365178355282
2895.303,-1.4552201115578167
2895.353,-2.7066123480668804
2895.403,-2.299236792284359
2895.453,-0.5178939545041846
2895.503,1.4715592120892151
2895.553,2.3750708010479835
2895.603,1.60799365484464
2895.653,-0.2924873878217505
2895.703,-2.0859129764670437
2895.753,-2.6150321500699674
2895.803,-1.543812953195969
2895.853,0.3905375403281795
2895.903,1.9282368412120934
2895.953,2.084455515664315
2896.003,0.7944461570762874
2896.053,-1.0832981192870266
2896.103,-2.321100471065587
2896.153,-2.1547846217428024
2896.203,-0.7208889072983367
2896.253,1.0313313977234588
2896.303,1.9813484045352434
2896.353,1.5384977180934007
2896.403,0.021220948676510108
2896.453,-1.5702099002805394
2896.503,-2.218595254935811
2896.553,-1.5404162533960621
2896.603,0.002553867242498092
2896.653,1.3974459303488014
2896.703,1.752445527451132
2896.753,0.8722938497572493
2896.803,-0.6352131822792046
2896.853,-1.7927542331442727
2896.903,-1.863133276634569
2896.953,-0.8501722783969826
2897.003,0.5683665849582988
2897.053,1.4735586754097545
2897.103,1.2886289136557059
2897.153,0.18380360189348274
2897.203,-1.0883998336071512
2897.253,-1.722235210288011
2897.303,-1.3333630408369612
2897.353,-0.21862989331597313
2897.403,0.8838802916976417
2897.453,1.2698690269424515
2897.503,0.7194118334343393
2897.553,-0.3800434604900811
2897.603,-1.2906230339719857
2897.653,-1.4349941095411758
2897.703,-0.7616079850995096
2897.753,0.2633886913450152
2897.803,0.9592652690179049
2897.853,0.8850174721239895
2897.903,0.12887404786119686
2897.953,-0.7792582594804303
2898.003,-1.2417276909982324
2898.053,-0.9830631794416016
2898.103,-0.210407030836723
2898.153,0.5410210708307024
2898.203,0.7717949199167115
2898.253,0.3724204488804702
2898.303,-0.3620535842074674
2898.353,-0.9255061691598443
2898.403,-0.9535521610818375
2898.453,-0.46496843789724124
2898.503,0.17683384640560684
2898.553,0.5429726261429402
2898.603,0.4059270723249676
2898.653,-0.11041985527259437
2898.703,-0.6380206952453831
2898.753,-0.8222056374663582
2898.803,-0.5525339161763083
2898.853,-0.03541078880556851
2898.903,0.35429812961800744
2898.953,0.351648792662743
2899.003,-0.018500001590914153
2899.053,-0.4781697962268044
2899.103,-0.7065150168721542
2899.153,-0.5437663661568173
2899.203,-0.11082397416653125
2899.253,0.26392557382246573
2899.303,0.30736789719902957
2899.353,-0.0010334783395209138
2899.403,-0.4282501694539807
2899.453,-0.6605771484170677
2899.503,-0.5333870804501069
2899.553,-0.1354907674346576
2899.603,0.2407977624380325
2899.653,0.3279378875409534
2899.703,0.0496372303551774
2899.753,-0.39244781178196053
2899.803,-0.6736406244443028
2899.853,-0.5964508874413372
2899.903,-0.20993153278085738
2899.953,0.22431397079350768
2900.003,0.3992120852596269
2900.053,0.18226625913173222
2900.103,-0.2796771547761344
2900.153,-0.6766795445693125
2900.203,-0.7227817290620697
2900.253,-0.3759713860038292
2900.303,0.13613503868380394
2900.353,0.4623537674917186
2900.403,0.3754232960165737
2900.453,-0.082546532522586
2900.503,-0.6027515881075096
2900.553,-0.8197482724876463
2900.603,-0.5815173603909106
2900.653,-0.042530863108500336
2900.703,0.42822474130949206
2900.753,0.5183892841034617
2900.803,0.16154889745069234
2900.853,-0.4092024715781749
2900.903,-0.7978534914075998
2900.953,-0.7439045088306127
2901.003,-0.2843772495131483
2901.053,0.2665701217012918
2901.103,0.5478270308848989
2901.153,0.3649574063725418
2901.203,-0.1402939353202089
2901.253,-0.6392625742688542
2901.303,-0.7869306519447616
2901.353,-0.4975869597078703
2901.403,0.025244970479583857
2901.453,0.4349960330403045
2901.503,0.4608634334260307
2901.553,0.10046134580235683
2901.603,-0.39673005832246894
2901.653,-0.6908992970453279
2901.703,-0.5935514658360492
2901.753,-0.1911429931301216
2901.803,0.2298863371680785
2901.853,0.40225100493083776
2901.903,0.23073022345856425
2901.953,-0.16168925191368191
2902.003,-0.49673806204246174
2902.053,-0.5526417375808607
2902.103,-0.31032918829112954
2902.153,0.03786676485399362
2902.203,0.25471398669056894
2902.253,0.21082515976815944
2902.303,-0.03973735755081457
2902.353,-0.3066026521329972
2902.403,-0.40424402128538195
2902.453,-0.28738623110451056
2902.503,-0.06360257631265966
2902.553,0.09667173140588076
2902.603,0.08751750779379415
2902.653,-0.05944231785271969
2902.703,-0.21014113475798687
2902.753,-0.23992065701421855
2902.803,-0.15322911644105547
2902.853,-0.039346208381372615
2902.903,0.005298728732741042
2902.953,-0.0699014466540119
2903.003,-0.17758336850805762
2903.053,-0.22111556670542531
2903.103,-0.1439718942928685
2903.153,-0.009999956232101133
2903.203,0.07205520135918617
2903.253,0.017946827588711065
2903.303,-0.15406841515753342
2903.353,-0.31027728051870257
2903.403,-0.32400957565605987
2903.453,-0.1683241772271509
2903.503,0.0596858787887478
2903.553,0.19303301072970427
2903.603,0.1253405886929396
2903.653,-0.11902925883923868
2903.703,-0.37472300268839764
2903.753,-0.4575338334644231
2903.803,-0.2975682960219827
2903.853,0.011439812187081894
2903.903,0.2562940098618084
2903.953,0.2606780376718964
2904.003,0.004506201339818049
2904.053,-0.3366197556445499
2904.103,-0.5353272952515729
2904.153,-0.4489705570334544
2904.203,-0.12362243248462655
2904.253,0.21197093721673663
2904.303,0.3227151112378942
2904.353,0.1406779786623476
2904.403,-0.21223108062507873
2904.453,-0.49977637426460686
2904.503,-0.525098928476553
2904.553,-0.2804505403539464
2904.603,0.06105624150162967
2904.653,0.26634549596653756
2904.703,0.20624942448055167
2904.753,-0.06408723678405961
2904.803,-0.3587879586681576
2904.853,-0.48974097307712133
2904.903,-0.38089496720225285
2904.953,-0.12027666129543273
2905.003,0.10978619673445192
2905.053,0.16762746276709095
2905.103,0.027108381798888144
2905.153,-0.201999927759597
2905.203,-0.3688576658878247
2905.253,-0.3695944372502664
2905.303,-0.2308396138532593
2905.353,-0.06418349512445236
2905.403,0.031195477926232902
2905.453,-0.004804841925148467
2905.503,-0.117814376255431
2905.553,-0.22024260160798798
2905.603,-0.2515203187581053
2905.653,-0.21447931007541524
2905.703,-0.16792416526535797
2905.753,-0.1452944859870422
2905.803,-0.1487787691660049
2905.853,-0.1533102526150993
2905.903,-0.12886682653958512
2905.953,-0.08841082445109102
2906.003,-0.08515204523479482
2906.053,-0.14676766288148982
2906.103,-0.2594111811201545
2906.153,-0.3396890079159521
2906.203,-0.3113270152058135
2906.253,-0.1622415159917656
2906.303,0.0227164991611371
2906.353,0.11128008308650764
2906.403,0.01024272746433841
2906.453,-0.24565519504193134
2906.503,-0.4858045913388436
2906.553,-0.5411025864296881
2906.603,-0.33659030166469
2906.653,0.014059380723534246
2906.703,0.2769003095655055
2906.753,0.25998085802309157
2906.803,-0.07470195808650144
2906.853,-0.514406176618328
2906.903,-0.7568713676579794
2906.953,-0.6117918612211816
2907.003,-0.1415124055476929
2907.053,0.3404898433389994
2907.103,0.4989121330054222
2907.153,0.19362142292420792
2907.203,-0.38131554018971847
2907.253,-0.8486064250248893
2907.303,-0.877070963490235
2907.354,-0.4109808769193953
2907.404,0.23555433924629723
2907.454,0.6252108365741321
2907.504,0.48496077931642884
2907.554,-0.11662030483903284
2907.604,-0.7789140545454546
2907.654,-1.0489155713842966
2907.704,-0.7300791071245795
2907.754,-0.025843691033956943
2907.804,0.5870331196362109
2907.854,0.6961783241324858
2907.904,0.2167401905287354
2907.954,-0.5381215174012206
2908.004,-1.0594939282534495
2908.054,-0.9851265533316345
2908.104,-0.35841260146569187
2908.154,0.388626757084692
2908.204,0.7576325067333461
2908.254,0.49720463115289715
2908.304,-0.21465514000987435
2908.354,-0.8959678866421
2908.404,-1.089828595653353
2908.454,-0.6667974191686048
2908.504,0.08578646552522513
2908.554,0.6598257455301049
2908.604,0.6662359682717359
2908.654,0.10647237845523654
2908.704,-0.627405396311715
2908.754,-1.039086802031012
2908.804,-0.8616402633230791
2908.854,-0.21638222474289912
2908.904,0.449727510851684
2908.954,0.6851372283176612
2909.004,0.3426839888395429
2909.054,-0.32787334843826466
2909.104,-0.8612968962058796
2909.154,-0.9049463962332362
2909.204,-0.4375994824170602
2909.254,0.20436647676400255
2909.304,0.5805257451980285
2909.354,0.4469199603589864
2909.404,-0.07736895992725117
2909.454,-0.623372280462074
2909.504,-0.8201966518066329
2909.554,-0.5351917588095305
2909.604,0.008545118937168493
2909.654,0.42938051280626166
2909.704,0.442382443762361
2909.754,0.06205455469053832
2909.804,-0.42591062211058883
2909.854,-0.6714223208522664
2909.904,-0.5124238229097043
2909.954,-0.0805012818504917
2910.004,0.30938652566180586
2910.054,0.3799933635057091
2910.104,0.09879172167887294
2910.154,-0.31246466434689035
2910.204,-0.5478727031927555
2910.254,-0.4377938535380488
2910.304,-0.07341995885840567
2910.354,0.26763219878600086
2910.404,0.3363239296382481
2910.454,0.0857893527987033
2910.504,-0.28862131859502493
2910.554,-0.49676253638368945
2910.604,-0.37101407128912595
2910.654,-0.04124821535649221
2910.704,0.2843151157488298
2910.754,0.3557128416942529
2910.804,0.104999451530405
2910.854,-0.2882965343693049
2910.904,-0.5287437028280212
2910.954,-0.42546538813708246
2911.004,-0.0391497172197763
2911.054,0.3544207554776756
2911.104,0.46157521663267664
2911.154,0.18776224931302593
2911.204,-0.2844035019533182
2911.254,-0.6175148601136556
2911.304,-0.5593371856929521
2911.354,-0.12989174040998122
2911.404,0.38128778605537567
2911.454,0.6103692653748257
2911.504,0.3583315721525785
2911.554,-0.20496598388594542
2911.604,-0.6812140433775411
2911.654,-0.7404016920085124
2911.704,-0.3260124167618933
2911.754,0.2917835711172524
2911.804,0.6884315642814448
2911.854,0.5785163669833288
2911.904,0.01576914567765007
2911.954,-0.6264532913741251
2912.004,-0.9021008075109171
2912.054,-0.6103136009911481
2912.104,0.06552501507044832
2912.154,0.6618671347185898
2912.204,0.7677959311983376
2912.254,0.2988202520539663
2912.304,-0.44634338630445425
2912.354,-0.949356269149514
2912.404,-0.8639073243661008
2912.454,-0.23948588801252238
2912.504,0.4979247209491118
2912.554,0.8472943197315707
2912.604,0.5592713739177572
2912.654,-0.16956270515604133
2912.704,-0.8498474409514006
2912.754,-1.0209181353999544
2912.804,-0.5579708033656544
2912.854,0.2244343460559298
2912.904,0.7946752114195301
2912.954,0.7671407229388025
2913.004,0.15402856298533713
2913.054,-0.6303462641838418
2913.104,-1.0617928932675187
2913.154,-0.8399514895134933
2913.204,-0.11336900001314774
2913.254,0.6307505731811844
2913.304,0.878761520280695
2913.354,0.4710971949010449
2913.404,-0.31759651472510164
2913.454,-0.9648446742236307
2913.504,-1.0259630203171828
2913.554,-0.46400486341889474
2913.604,0.34761606949392115
2913.654,0.8533849788603401
2913.704,0.7206651115959695
2913.754,0.037090462588601
2913.804,-0.7263344159159254
2913.854,-1.0591568778881526
2913.904,-0.7428120286762827
2913.954,0.00038404654411455157
2914.004,0.6711578523699702
2914.054,0.821987256548865
2914.104,0.3517859415234051
2914.154,-0.401549664926959
2914.204,-0.9275330569110585
2914.254,-0.8882586557046217
2914.304,-0.3183895523553692
2914.354,0.3941202932648654
2914.404,0.7653298699416328
2914.454,0.5510826683145229
2914.504,-0.08553137068484101
2914.554,-0.7014882324661884
2914.604,-0.8909399035307614
2914.654,-0.5310325843663313
2914.704,0.10864517982112364
2914.754,0.59914356016781
2914.804,0.6164157231258955
2914.854,0.15899302411197674
2914.904,-0.4454466818812973
2914.954,-0.7895064451491016
2915.004,-0.6452045353380441
2915.054,-0.1334736049349484
2915.104,0.3911813004203408
2915.154,0.5799993385288033
2915.204,0.3180248184775009
2915.254,-0.20577055441367037
2915.304,-0.6331225373541551
2915.354,-0.6716446503094717
2915.404,-0.317054169397116
2915.454,0.1777846889713444
2915.504,0.47825637953488076
2915.554,0.3921607758287204
2915.604,-0.010919325385320295
2915.654,-0.450994781891953
2915.704,-0.6212537864459518
2915.754,-0.4261701856933655
2915.804,-0.013712664251677059
2915.854,0.33614472659289485
2915.904,0.389703396676477
2915.954,0.11423536317466707
2916.004,-0.27292778153597474
2916.054,-0.5137950123451507
2916.104,-0.45900360066713636
2916.154,-0.15050233273989214
2916.204,0.18901876790917438
2916.254,0.32457903110590935
2916.304,0.17424208144732473
2916.354,-0.14098608255442702
2916.404,-0.39252548499830114
2916.454,-0.4191777793024802
2916.504,-0.21392413849983782
2916.554,0.06870837751465411
2916.604,0.2327266444971645
2916.654,0.17133894484992365
2916.704,-0.05907503919704851
2916.754,-0.2848634651823338
2916.804,-0.34838891071626066
2916.854,-0.2220583829418595
2916.904,0.00020199221921920026
2916.954,0.15138036101712501
2917.004,0.1354801214222768
2917.054,-0.024357311130717797
2917.104,-0.20794893174369655
2917.154,-0.2881340395951523
2917.204,-0.20127319107923622
2917.254,-0.025927060656285316
2917.304,0.10564954712595809
2917.354,0.11305598203433295
2917.404,-0.012857979992643953
2917.454,-0.1739322104073013
2917.504,-0.2514445799557198
2917.554,-0.18972667390816036
2917.604,-0.03160417095799733
2917.654,0.10039235099326234
2917.704,0.11114861818163753
2917.754,0.003447457175463681
2917.804,-0.15479270423825944
2917.854,-0.24602361321251037
2917.904,-0.19731087657394325
2917.954,-0.04410480403365518
2918.004,0.10430878334602574
2918.054,0.13780066654173068
2918.104,0.03298052409596669
2918.154,-0.1339678955990221
2918.204,-0.24307120765005832
2918.254,-0.21697366445938687
2918.304,-0.06964351232252151
2918.354,0.09059089796536964
2918.404,0.1547256024663832
2918.454,0.08021811871724623
2918.504,-0.09007027074001614
2918.554,-0.22905596514741017
2918.604,-0.236926816868302
2918.654,-0.11326954173287611
2918.704,0.05425501941442766
2918.754,0.16124934359342372
2918.804,0.1199892419534267
2918.854,-0.0332837071862604
2918.904,-0.19091707436545635
2918.954,-0.2455521706438557
2919.004,-0.15944929512364545
2919.054,0.01186766867548563
2919.104,0.141149388224411
2919.154,0.1403840788106129
2919.204,0.020005253589077194
2919.254,-0.13613135384905722
2919.304,-0.22699355020421305
2919.354,-0.1840774642265311
2919.404,-0.04684401444773799
2919.454,0.09054088812139054
2919.504,0.1412772412876401
2919.554,0.06794136112461685
2919.604,-0.07315526095508859
2919.654,-0.18652555978871474
2919.704,-0.1985271436101654
2919.754,-0.09717974879393206
2919.804,0.038852288838977546
2919.854,0.12057623188997338
2919.904,0.09402534541462763
2919.954,-0.019001464694068274
2920.004,-0.1381731607815842
2920.054,-0.18823822192118547
2920.104,-0.1316073107903359
2920.154,-0.010795205042463299
2920.204,0.08646726366709816
2920.254,0.09961109918052719
2920.304,0.020009485214068184
2920.354,-0.09452455172177532
2920.404,-0.1649840837532501
2920.454,-0.14256795016698484
2920.504,-0.04742050991890833
2920.554,0.052933142728892046
2920.604,0.08647245301091133
2920.654,0.03592401592859761
2920.704,-0.05759387824726716
2920.754,-0.1339533550330139
2920.804,-0.13431996724028616
2920.854,-0.06569289326621114
2920.904,0.016082387825312777
2920.954,0.059169441260366634
2921.004,0.039848411425973604
2921.054,-0.02616736372510978
2921.104,-0.09909457336510695
2921.154,-0.11954860647015447
2921.204,-0.0846417943120198
2921.254,-0.013606001657446486
2921.304,0.04093058628089706
2921.354,0.042006763752338035
2921.404,-0.006586201913110654
2921.454,-0.07294277794267608
2921.504,-0.10658284220672666
2921.554,-0.08902520819913037
2921.604,-0.03075941892696819
2921.654,0.019817501123711927
2921.704,0.03576248262744325
2921.754,0.0032159771975725873
2921.804,-0.04877368062469816
2921.854,-0.08465317923787323
2921.904,-0.08231586253928516
2921.954,-0.04746793893223279
2922.004,-0.00419369399801455
2922.054,0.02073083978755928
2922.104,0.010200083046570625
2922.154,-0.027191325395915147
2922.204,-0.058754861797549934
2922.254,-0.06655809144372667
2922.304,-0.0459959292189862
2922.354,-0.021543277923719177
2922.404,-0.008828241290496136
2922.454,-0.005484992927403567
2922.504,-0.020995280310048187
2922.554,-0.025946039026624797
2922.604,-0.02664021340446042
2922.654,-0.02511490733852189
2922.704,-0.03020351831331008
2922.754,-0.043915469723165255
2922.804,-0.04691964365023637
2922.854,-0.03015293863193541
2922.904,-0.0029382769430818805
2922.954,0.020252377425945343
2923.004,0.01721033121039912
2923.054,-0.015005978791428894
2923.104,-0.061380320015976944
2923.154,-0.09123851054975117
2923.204,-0.07324270944601118
2923.254,-0.010854998643916846
2923.304,0.0523263354588308
2923.354,0.07308747324798753
2923.404,0.032785736461128145
2923.454,-0.04894882797778905
2923.504,-0.11649568272098615
2923.554,-0.1271734659897372
2923.604,-0.06274789293282337
2923.654,0.04254159896222046
2923.704,0.1157512791960442
2923.755,0.10420854213058531
2923.805,0.01361870062040256
2923.855,-0.11388826452767625
2923.905,-0.17967868598211598
2923.955,-0.13642947873147473
2924.005,-0.007837960237778333
2924.055,0.1257416661701267
2924.105,0.1766041006291701
2924.155,0.09249474665708186
2924.205,-0.05955612176245642
2924.255,-0.1933180606710118
2924.305,-0.2129827300061466
2924.355,-0.09681995242444641
2924.405,0.08599547899587551
2924.455,0.20679502992024568
2924.505,0.18698447935735402
2924.555,0.029090443261041793
2924.605,-0.16164261765998206
2924.655,-0.2602206295356975
2924.705,-0.19002752815770882
2924.755,-0.0014859585617659993
2924.805,0.18701391985724228
2924.855,0.24287469132180678
2924.905,0.13501184086217288
2924.955,-0.07410378982082472
2925.005,-0.2500018416827201
2925.055,-0.26762969826876215
2925.105,-0.12125084979523768
2925.155,0.10603939990553465
2925.205,0.2523279792937587
2925.255,0.231220401008727
2925.305,0.04514485345357229
2925.355,-0.18389316274116332
2925.405,-0.30204303146019995
2925.455,-0.23012198772819797
2925.505,-0.015300116462554827
2925.555,0.2038339712703911
2925.605,0.2791339107673736
2925.655,0.16027797012613754
2925.705,-0.07583424668479041
2925.755,-0.26910191344520595
2925.805,-0.29816352332783075
2925.855,-0.13622963147166953
2925.905,0.10065080358994395
2925.955,0.26131050464028915
2926.005,0.23637171445790545
2926.055,0.04997035485140888
2926.105,-0.1830593384066105
2926.155,-0.29930511561519074
2926.205,-0.23060375383531537
2926.255,-0.021095980145661337
2926.305,0.19045822584140248
2926.355,0.25751296007056057
2926.405,0.1459084929672035
2926.455,-0.0665175907768874
2926.505,-0.24279410435514845
2926.555,-0.2660937157197347
2926.605,-0.12664621947461807
2926.655,0.08129738433114188
2926.705,0.2286960453158163
2926.755,0.2073821886512968
2926.805,0.03767407101874614
2926.855,-0.1550473991545125
2926.905,-0.24906119438045154
2926.955,-0.18968500504285615
2927.005,-0.013796770160655057
2927.055,0.16017768936972143
2927.105,0.2120967087569621
2927.155,0.11672294569955455
2927.205,-0.05635694888345397
2927.255,-0.1930375599377307
2927.305,-0.199352279614725
2927.355,-0.09033037763927203
2927.405,0.07433549232234991
2927.455,0.1828610935355058
2927.505,0.16148157543621658
2927.555,0.035967593281498456
2927.605,-0.11378833788955094
2927.655,-0.18963837716646428
2927.705,-0.13703668393965654
2927.755,0.006836058364978201
2927.805,0.14144598768616612
2927.855,0.1765920643846698
2927.905,0.10141154090179415
2927.955,-0.04540945085212993
2928.005,-0.1524519902737554
2928.055,-0.15671841062744943
2928.105,-0.04757210311763757
2928.155,0.10178192424978033
2928.205,0.18236609856433125
2928.255,0.1425325801342214
2928.305,0.00934682217960344
2928.355,-0.1189660096171051
2928.405,-0.15808789169600698
2928.455,-0.079510133025233
2928.505,0.0608621861490596
2928.555,0.179247114906739
2928.605,0.18037511105427703
2928.655,0.06069769238610315
2928.705,-0.08842319702472541
2928.755,-0.16481607429204362
2928.805,-0.11482938981098997
2928.855,0.02713313455700246
2928.905,0.17158397922945504
2928.955,0.21493301237277815
2929.005,0.1204817970352209
2929.055,-0.048147040124169024
2929.105,-0.17038191519204268
2929.155,-0.16811584804183838
2929.205,-0.027745437652792013
2929.255,0.16093103619944063
2929.305,0.2568454182046337
2929.355,0.19245432112426297
2929.405,0.007702217231275859
2929.455,-0.17570438523207874
2929.505,-0.2248064753125226
2929.555,-0.10026633093843945
2929.605,0.12517828042299126
2929.655,0.2884738470007699
2929.705,0.2715677978679669
2929.755,0.08490135462258079
2929.805,-0.1533086708555038
2929.855,-0.2709421128514551
2929.905,-0.18840685416881917
2929.955,0.05663212309765013
2930.005,0.28450261559650525
2930.055,0.3412345743359783
2930.105,0.18579979124356802
2930.155,-0.08324735664034211
2930.205,-0.29079490774694383
2930.255,-0.2758408633552649
2930.305,-0.05472657167186717
2930.355,0.23028827761205567
2930.405,0.3939083558708251
2930.455,0.30276727563285677
2930.505,0.02113980762214127
2930.555,-0.2593362921307207
2930.605,-0.3495170791420655
2930.655,-0.18155935506818405
2930.705,0.133869440881347
2930.755,0.38553132767206794
2930.805,0.40226383460434245
2930.855,0.1651825121429954
2930.905,-0.17319770549790034
2930.955,-0.383037844741974
2931.005,-0.3053119403068008
2931.055,-0.0007599239829731076
2931.105,0.33269681723076855
2931.155,0.4700320306916982
2931.205,0.29804373077964275
2931.255,-0.05308279820294499
2931.305,-0.3530164526054926
2931.355,-0.39529029854595527
2931.405,-0.14430565972925619
2931.455,0.23344637137557273
2931.505,0.4721565497718867
2931.555,0.41943504447737795
2931.605,0.0922622460175799
2931.655,-0.28202354380379063
2931.705,-0.4383512886257201
2931.755,-0.27206355925217446
2931.805,0.104742042401428
2931.855,0.4311202669209858
2931.905,0.4854030137998228
2931.955,0.23280566561130295
2932.005,-0.16212567572643158
2932.055,-0.42374956001571673
2932.105,-0.37219576874681204
2932.155,-0.04118775057325326
2932.205,0.3447796284723461
2932.255,0.5138282615671731
2932.305,0.345990378137643
2932.355,-0.028732758268162215
2932.405,-0.36253264614627856
2932.455,-0.42409554038587044
2932.505,-0.16448500807006797
2932.555,0.22708441890030379
2932.605,0.48352108177311315
2932.655,0.4322867237297456
2932.705,0.10318043866545175
2932.755,-0.2714369806557916
2932.805,-0.4376731716639652
2932.855,-0.2682463459230687
2932.905,0.1152644650885561
2932.955,0.43241993714958793
2933.005,0.4769582833809385
2933.055,0.21689142183315674
2933.105,-0.1769845914022344
2933.155,-0.4171146183275193
2933.205,-0.3342379423518205
2933.255,0.0022802721845381537
2933.305,0.3634189509675522
2933.355,0.5013805394657349
2933.405,0.3091614600488668
2933.455,-0.0730852835366318
2933.505,-0.3689644520503878
2933.555,-0.3864322976549467
2933.605,-0.10241653235802224
2933.655,0.27926358159376685
2933.705,0.5007328349755696
2933.755,0.3964673286088515
2933.805,0.04177374749587097
2933.855,-0.30767975570283435
2933.905,-0.41295419762408797
2933.955,-0.2012108361014969
2934.005,0.18169548928809162
2934.055,0.47763994717974695
2934.105,0.46715969031171517
2934.155,0.16041999527551087
2934.205,-0.2227720883540899
2934.255,-0.4171838034376136
2934.305,-0.2851445463191958
2934.355,0.07899805689258912
2934.405,0.425103168906507
2934.455,0.5152833027034222
2934.505,0.2810897436750541
2934.555,-0.11815856218078556
2934.605,-0.3957306695347731
2934.655,-0.3561176184833792
2934.705,-0.02969147546059513
2934.755,0.3585172435510307
2934.805,0.5388640354058118
2934.855,0.39049891572766593
2934.905,0.003637649596512711
2934.955,-0.3442793588244135
2935.005,-0.40790018321167215
2935.055,-0.14293731211058147
2935.105,0.2722187949848152
2935.155,0.5346342556377991
2935.205,0.48381900224183855
2935.255,0.13673929985034716
2935.305,-0.2590652548852141
2935.355,-0.42716898345571985
2935.405,-0.2461392950173956
2935.455,0.15134509271168858
2935.505,0.4985366419193603
2935.555,0.5542471995474942
2935.605,0.2721389334346184
2935.655,-0.14410246099149268
2935.705,-0.40253970035852055
2935.755,-0.3294393887648025
2935.805,0.022939855064846963
2935.855,0.41027929117483347
2935.905,0.577932646885988
2935.955,0.40632025058161475
2936.005,0.01028130877970892
2936.055,-0.335546104233254
2936.105,-0.38860749374649145
2936.155,-0.11418687633213866
2936.205,0.29422975230439596
2936.255,0.5633706107314649
2936.305,0.512573414359201
2936.355,0.16891952635083524
2936.405,-0.2260764150993158
2936.455,-0.3972644298465127
2936.505,-0.23494854624291642
2936.555,0.15727155374143936
2936.605,0.5068128910341081
2936.655,0.5686099459034786
2936.705,0.31633031774182613
2936.755,-0.08424884703922839
2936.805,-0.3556236322660955
2936.855,-0.3070643598269203
2936.905,0.01740536528597628
2936.955,0.40040655456771745
2937.005,0.5762880959686599
2937.055,0.43608905555962174
2937.105,0.06962488218186268
2937.155,-0.2685817163818901
2937.205,-0.3355897956345837
2937.255,-0.09662311477899137
2937.305,0.2779517153561183
2937.355,0.5365371963728044
2937.405,0.49817400674221757
2937.455,0.20582623454571128
2937.505,-0.1363538135432568
2937.555,-0.3051751363183417
2937.605,-0.1821252644610211
2937.655,0.14828435398906972
2937.705,0.45016057963839634
2937.755,0.5235031219200681
2937.805,0.3254627349135035
2937.855,-0.003625159807532566
2937.905,-0.2372308157740856
2937.955,-0.22029700647802464
2938.005,0.030485255737610188
2938.055,0.341666152400336
2938.105,0.5065116341169058
2938.155,0.4084803292556805
2938.205,0.12613695571608474
2938.255,-0.14781648323826163
2938.305,-0.2226820713604104
2938.355,-0.05489226755383505
2938.405,0.23601155503055757
2938.455,0.4510440565289628
2938.505,0.44436562297610976
2938.555,0.22946355837347976
2938.605,-0.040342265098010414
2938.655,-0.18493645819286847
2938.705,-0.10863220726813858
2938.755,0.13286479013899846
2938.805,0.37216920335133113
2938.855,0.4450723917853896
2938.905,0.3060960923158941
2938.955,0.05837295275007839
2939.005,-0.12973907209647456
2939.055,-0.1238286989436382
2939.105,0.053058246003428816
2939.155,0.28379218133170453
2939.205,0.41061331596521444
2939.255,0.34569615019435534
2939.305,0.14390165195001375
2939.355,-0.05476567810547132
2939.405,-0.12421110102659226
2939.455,-0.0044172055424588135
2939.505,0.20299911109334037
2939.555,0.3617384485244168
2939.605,0.35831947163326866
2939.655,0.20012909046032562
2939.705,0.006716313611083369
2939.755,-0.09575666881577796
2939.805,-0.0402049095424664
2939.855,0.13481157690056808
2939.905,0.30126709931685824
2939.955,0.34577027731825144
2940.005,0.24279930787846127
2940.055,0.06160366331279012
2940.105,-0.07017153106077872
2940.156,-0.055321577104966546
2940.206,0.08169486114235165
2940.256,0.24663826646838882
2940.306,0.32166255975342634
2940.356,0.2565103899122537
2940.406,0.10427402049775816
2940.456,-0.03260876131055734
2940.506,-0.06338698720460055
2940.556,0.031407876293052736
2940.606,0.1840669450442123
2940.656,0.28706548102874013
2940.706,0.2723721020110592
2940.756,0.14380944371813187
2940.806,0.001410954400210822
2940.856,-0.06148661371150202
2940.906,-0.008926882469858458
2940.956,0.12521495331563406
2941.006,0.2449555263357772
2941.056,0.27023511182454246
2941.106,0.18195720973403942
2941.156,0.04655440814972741
2941.206,-0.05401712564809781
2941.256,-0.04656285179861527
2941.306,0.06535877960627157
2941.356,0.20048467185528415
2941.406,0.2643776240332815
2941.456,0.21807629214231455
2941.506,0.08231832959690985
2941.556,-0.03857963918970658
2941.606,-0.06605615761186434
2941.656,0.014293935829112057
2941.706,0.14670217452051154
2941.756,0.24293660052899058
2941.806,0.23547349028680353
2941.856,0.12689726034033882
2941.906,0.0013887415016602194
2941.956,-0.06861721173690133
2942.006,-0.036493709983092364
2942.056,0.08357651073159147
2942.106,0.20142932496895266
2942.156,0.23977684546568054
2942.206,0.17589262283555926
2942.256,0.05192805264375198
2942.306,-0.05222346972498261
2942.356,-0.06270040542225097
2942.406,0.016607311750707413
2942.456,0.1365697198523931
2942.506,0.2190078209996179
2942.556,0.21397392423936093
2942.606,0.11468109729410303
2942.656,-0.007225646833215175
2942.706,-0.0747424732704479
2942.756,-0.040248115763146526
2942.806,0.06583329288283486
2942.856,0.17791039646770807
2942.906,0.21984628234956424
2942.956,0.1722012686215299
2943.006,0.051765182419800965
2943.056,-0.05263712713784101
2943.106,-0.07429727474430453
2943.156,-0.004125212732646556
2943.206,0.11421975471691052
2943.256,0.2018320076537098
2943.306,0.2026420878861486
2943.356,0.11830679396392119
2943.406,-0.007638431911508967
2943.456,-0.07915674017471633
2943.506,-0.05270223818513627
2943.556,0.042275108223731324
2943.606,0.1527614300213995
2943.656,0.20801307844168465
2943.706,0.16727874179647684
2943.756,0.055162240864603154
2943.806,-0.05027340917296689
2943.856,-0.08365093120232772
2943.906,-0.022559727963076467
2943.956,0.09309763480433028
2944.006,0.18326906271643434
2944.056,0.19176382376300158
2944.106,0.11092294137510599
2944.156,0.002330870620880724
2944.206,-0.07439806863027437
2944.256,-0.07195882261811785
2944.306,0.022466877476332334
2944.356,0.13377444471480648
2944.406,0.1923346537684612
2944.456,0.15948881319352182
2944.506,0.059157638706575325
2944.556,-0.04626693356778524
2944.606,-0.08551110859714339
2944.656,-0.03619881779390513
2944.706,0.06480322376860664
2944.756,0.16055535355091338
2944.806,0.1870190156561613
2944.856,0.11847938541149997
2944.906,0.004847722680481371
2944.956,-0.08011633606202746
2945.006,-0.08375321287673416
2945.056,0.0018983974363310204
2945.106,0.11813664668868003
2945.156,0.18307314011874798
2945.206,0.1600210377297205
2945.256,0.058638069337220745
2945.306,-0.053223071627769264
2945.356,-0.10242654619271285
2945.406,-0.0518375102516152
2945.456,0.06357898085340596
2945.506,0.15877860087788148
2945.556,0.17614755736479912
2945.606,0.10810952949717147
2945.656,-0.010253978088282115
2945.706,-0.09878620897490156
2945.756,-0.09173301552398166
2945.806,0.0014649124345486413
2945.856,0.11747280955847661
2945.906,0.18261414953184563
2945.956,0.1453516316186729
2946.006,0.0324187161956057
2946.056,-0.07961806510087593
2946.106,-0.11444088537176428
2946.156,-0.04812563903921747
2946.206,0.0643389401507993
2946.256,0.1549810208756011
2946.306,0.167779703830035
2946.356,0.08615551150139682
2946.406,-0.04162523370027792
2946.456,-0.12201559110186462
2946.506,-0.0976591133061291
2946.556,0.008660695303061612
2946.606,0.11708513394227267
2946.656,0.16995387252881075
2946.706,0.12182391588557835
2946.756,0.005134040791072157
2946.806,-0.09970254907832729
2946.856,-0.12160780716308671
2946.906,-0.05357882277449889
2946.956,0.06217386770645844
2947.006,0.14739876888927753
2947.056,0.14722701847452802
2947.106,0.05647192418368932
2947.156,-0.06038553915836347
2947.206,-0.12884721639761906
2947.256,-0.10004987588604698
2947.306,0.0008067223224223704
2947.356,0.1096104758545352
2947.406,0.15229599100480046
2947.456,0.09738650866980397
2947.506,-0.013456298976837163
2947.556,-0.10872207304093251
2947.606,-0.12699839091077714
2947.656,-0.0567108923415621
2947.706,0.05671549731356828
2947.756,0.13914081315294718
2947.806,0.12733013676623695
2947.856,0.035813377596338736
2947.906,-0.0770559930310519
2947.956,-0.1354987951848471
2948.006,-0.09624634272552093
2948.056,0.007278490096076017
2948.106,0.10572953440439321
2948.156,0.13376475809929228
2948.206,0.07294345889651097
2948.256,-0.03183440540435074
2948.306,-0.10998683072876082
2948.356,-0.11573811496037416
2948.406,-0.048260674125334684
2948.456,0.053876897243276926
2948.506,0.12050641904808287
2948.556,0.10737374883430294
2948.606,0.020419397234901684
2948.656,-0.07024908776850011
2948.706,-0.12144795794663811
2948.756,-0.09222619804510922
2948.806,-0.0006739579427483399
2948.856,0.09183922429971035
2948.906,0.12215932173554388
2948.956,0.06699098585297344
2949.006,-0.027497678480300335
2949.056,-0.10463749488870717
2949.106,-0.11053904894286967
2949.156,-0.04486571374665358
2949.206,0.04647392613447505
2949.256,0.10525955855423773
2949.306,0.09329226075115192
2949.356,0.02007110458049478
2949.406,-0.06238864997651719
2949.456,-0.10738743507679402
2949.506,-0.08302141024274072
2949.556,-0.001861377155140637
2949.606,0.07681154621889336
2949.656,0.09527261299387937
2949.706,0.05335243161151988
2949.756,-0.022852617729034908
2949.806,-0.08094204768313511
2949.856,-0.0879723158253749
2949.906,-0.038467878274980924
2949.956,0.021865783386318848
2950.006,0.03733734075046707
